﻿FirstName,Surname,Date,Location,Time,PresentationTitle
Kiel,Peal,08 10 2022,School Hall,19:30,The Internet and the World Wide Web
Raquela,Tebboth,08 10 2022,School Hall,19:30,The Internet and the World Wide Web
Antonietta,Moylane,08 10 2022,School Hall,19:30,The Internet and the World Wide Web
Quintin,Matelyunas,08 10 2022,School Hall,19:30,The Internet and the World Wide Web
Garth,Bulbrook,08 10 2022,School Hall,19:30,The Internet and the World Wide Web
Vasily,Welch,08 10 2022,School Hall,19:30,The Internet and the World Wide Web
Elana,Disbury,08 10 2022,School Hall,19:30,The Internet and the World Wide Web
Elise,Chamney,08 10 2022,School Hall,19:30,The Internet and the World Wide Web
Doralynne,Fante,08 10 2022,School Hall,19:30,The Internet and the World Wide Web
Ashli,Wykey,08 10 2022,School Hall,19:30,The Internet and the World Wide Web
Jermaine,Tempest,08 10 2022,School Hall,19:30,The Internet and the World Wide Web
Rolf,Rattrie,08 10 2022,School Hall,19:30,The Internet and the World Wide Web
Jacklin,MacTeggart,08 10 2022,School Hall,19:30,The Internet and the World Wide Web
Devin,Yakunchikov,08 10 2022,School Hall,19:30,The Internet and the World Wide Web
Jarvis,Bennion,08 10 2022,School Hall,19:30,The Internet and the World Wide Web
Marjy,Ewbank,08 10 2022,School Hall,19:30,The Internet and the World Wide Web
Paxon,Shurrocks,08 10 2022,School Hall,19:30,The Internet and the World Wide Web
Alina,Poulton,08 10 2022,School Hall,19:30,The Internet and the World Wide Web
Sherilyn,Zimmerman,08 10 2022,School Hall,19:30,The Internet and the World Wide Web
Pearce,Grieve,08 10 2022,School Hall,19:30,The Internet and the World Wide Web
Sargent,Flarity,08 10 2022,School Hall,19:30,The Internet and the World Wide Web
Farr,Fayer,08 10 2022,School Hall,19:30,The Internet and the World Wide Web
Sasha,Minghi,08 10 2022,School Hall,19:30,The Internet and the World Wide Web
Ilyse,Mc Mechan,08 10 2022,School Hall,19:30,The Internet and the World Wide Web
Clark,Brakewell,08 10 2022,School Hall,19:30,The Internet and the World Wide Web
Euell,Sully,08 10 2022,School Hall,19:30,The Internet and the World Wide Web
Alick,Rizzardo,08 10 2022,School Hall,19:30,The Internet and the World Wide Web
Rob,Rockell,08 10 2022,School Hall,19:30,The Internet and the World Wide Web
Francisco,Gersam,08 10 2022,School Hall,19:30,The Internet and the World Wide Web
Agathe,Hazeup,08 10 2022,School Hall,19:30,The Internet and the World Wide Web
Cy,Affuso,08 10 2022,School Hall,19:30,The Internet and the World Wide Web
Trent,Rupprecht,08 10 2022,School Hall,19:30,The Internet and the World Wide Web
Dag,Casaroli,08 10 2022,School Hall,19:30,The Internet and the World Wide Web
Kellsie,Wondraschek,08 10 2022,School Hall,19:30,The Internet and the World Wide Web
Eziechiele,Lathwell,08 10 2022,School Hall,19:30,The Internet and the World Wide Web
Juan,Pybworth,08 10 2022,School Hall,19:30,The Internet and the World Wide Web
Tiebold,Stivani,08 10 2022,School Hall,19:30,The Internet and the World Wide Web
Marie-ann,Van Velde,08 10 2022,School Hall,19:30,The Internet and the World Wide Web
Odilia,Petrie,08 10 2022,School Hall,19:30,The Internet and the World Wide Web
Kirby,Madgett,08 10 2022,School Hall,19:30,The Internet and the World Wide Web
Esmaria,Swalteridge,08 10 2022,School Hall,19:30,The Internet and the World Wide Web
Benedicto,Naptin,08 10 2022,School Hall,19:30,The Internet and the World Wide Web
Brinn,Risebarer,08 10 2022,School Hall,19:30,The Internet and the World Wide Web
Lydie,Petracco,08 10 2022,School Hall,19:30,The Internet and the World Wide Web
Marie,Klainer,08 10 2022,School Hall,19:30,The Internet and the World Wide Web
Rodney,O' Cloney,08 10 2022,School Hall,19:30,The Internet and the World Wide Web
Haily,Figgins,08 10 2022,School Hall,19:30,The Internet and the World Wide Web
Bob,Copnar,08 10 2022,School Hall,19:30,The Internet and the World Wide Web
Atlante,Domini,08 10 2022,School Hall,19:30,The Internet and the World Wide Web
Alexandra,Canacott,08 10 2022,School Hall,19:30,The Internet and the World Wide Web
