<?xml version="1.0" encoding="UTF-8"?>
<project-private xmlns="http://www.netbeans.org/ns/project-private/1">
    <editor-bookmarks xmlns="http://www.netbeans.org/ns/editor-bookmarks/2" lastBookmarkId="0"/>
    <open-files xmlns="http://www.netbeans.org/ns/projectui-open-files/2">
        <group>
            <file>file:/C:/Users/Jak/Dropbox/_IEB/ExamMain/P2-2018-1/IEBSubmission/Version15/Memoranda/Solution/Section%20B%20OOP/AFR/Java/ToerRoete/src/toerroete/Stop.java</file>
            <file>file:/C:/Users/Jak/Dropbox/_IEB/ExamMain/P2-2018-1/IEBSubmission/Version15/Memoranda/Solution/Section%20B%20OOP/AFR/Java/ToerRoete/nbproject/build-impl.xml</file>
            <file>file:/C:/Users/Jak/Dropbox/_IEB/ExamMain/P2-2018-1/IEBSubmission/Version15/Memoranda/Solution/Section%20B%20OOP/AFR/Java/ToerRoete/src/toerroete/ToerBestuurder.java</file>
            <file>file:/C:/Users/Jak/Dropbox/_IEB/ExamMain/P2-2018-1/IEBSubmission/Version15/Memoranda/Solution/Section%20B%20OOP/AFR/Java/ToerRoete/src/toerroete/Roete.java</file>
            <file>file:/C:/Users/Jak/Dropbox/_IEB/ExamMain/P2-2018-1/IEBSubmission/Version15/Memoranda/Solution/Section%20B%20OOP/AFR/Java/ToerRoete/src/toerroete/ToerGK.java</file>
        </group>
    </open-files>
</project-private>
